{"D Loss Real": 3.7128472328186035, "D Loss Fake": 3.9318811893463135, "G Loss": [3.9318811893463135, 3.9318811893463135], "_timestamp": 1725732697.8736646, "_runtime": 4975.244099617004, "_step": 509, "Generated Images": {"_type": "image-file", "sha256": "60ab37e889528728593b09c45a42139009ffdda04e8ea43a0e2c9bc6a5c2d3cc", "size": 40572, "path": "media/images/Generated Images_500_60ab37e889528728593b.png", "format": "png", "width": 1000, "height": 1000}, "_wandb": {"runtime": 4983}}