{"D Loss Real": 3.6942203044891357, "D Loss Fake": 3.8974690437316895, "G Loss": [3.8974690437316895, 3.8974690437316895], "_timestamp": 1725815242.9838223, "_runtime": 4255.605739355087, "_step": 508, "Generated Images": {"_type": "image-file", "sha256": "208e22c154a3cdbf2db53c0768ac70006aebc8d1e5013c78efbcfa36d02038ba", "size": 41494, "path": "media/images/Generated Images_500_208e22c154a3cdbf2db5.png", "format": "png", "width": 1000, "height": 1000}, "_wandb": {"runtime": 4260}}