{"D Loss Real": -8.695572853088379, "D Loss Fake": -8.095930099487305, "G Loss": [-8.095930099487305, -8.095930099487305], "_timestamp": 1725693765.3923392, "_runtime": 4943.545320272446, "_step": 503, "Generated Images": {"_type": "image-file", "sha256": "8d9a80a79cc50f4dc0bce601cb831e80a9f6206390fe886c6ed75ba8cf2cd49a", "size": 47300, "path": "media/images/Generated Images_500_8d9a80a79cc50f4dc0bc.png", "format": "png", "width": 1000, "height": 1000}, "_wandb": {"runtime": 4947}}