{"episode_reward": 17.0, "loss": 0.14102503657341003, "_timestamp": 1725121506.8964605, "_runtime": 831.8949685096741, "_step": 1009, "evaluation_avg_reward": 26.2, "_wandb": {"runtime": 831}}