{"episode_reward": 111.0, "loss": 1.4196841220837086e-05, "_timestamp": 1725126234.7867737, "_runtime": 1829.4905376434326, "_step": 1009, "evaluation_avg_reward": 121.9, "_wandb": {"runtime": 1828}}