{"D Loss Real": 0.7402426600456238, "D Loss Fake": 0.7776076793670654, "G Loss": [0.7776076793670654, 0.7776076793670654], "_timestamp": 1725204532.8587666, "_runtime": 7.154106616973877, "_step": 9, "_wandb": {"runtime": 6}}