{"D Loss Real": 2.882293939590454, "D Loss Fake": 3.0544228553771973, "G Loss": [3.0544228553771973, 3.0544228553771973], "_timestamp": 1725786660.941818, "_runtime": 4302.380816936493, "_step": 500, "Generated Images": {"_type": "image-file", "sha256": "f73e916af33a167f1bc389d02ee87a8de3e52e7419e475a96e6463ff1877b409", "size": 41481, "path": "media/images/Generated Images_500_f73e916af33a167f1bc3.png", "format": "png", "width": 1000, "height": 1000}, "_wandb": {"runtime": 4305}}