{"D Loss Real": -1.7818433046340942, "D Loss Fake": -1.2029448747634888, "G Loss": [-1.2029448747634888, -1.2029448747634888], "_timestamp": 1725688762.885107, "_runtime": 5550.600614070892, "_step": 594, "Generated Images": {"_type": "image-file", "sha256": "f2c8c235c8b8d763a102227a763a1e467a668af761370b0168e3e3f4490607ac", "size": 46633, "path": "media/images/Generated Images_500_f2c8c235c8b8d763a102.png", "format": "png", "width": 1000, "height": 1000}, "_wandb": {"runtime": 5551}}