{"episode_reward": 9.0, "loss": null, "_timestamp": 1725118688.2885644, "_runtime": 0.8089754581451416, "_step": 2, "_wandb": {"runtime": 0}}