{"D Loss Real": 3.659142017364502, "D Loss Fake": 3.878714084625244, "G Loss": [3.878714084625244, 3.878714084625244], "_timestamp": 1725723621.3067927, "_runtime": 4765.201233625412, "_step": 500, "Generated Images": {"_type": "image-file", "sha256": "b26a5c11bdd12773c45f7f356bc0483e9b2530b6ffe3eb77d521e2766d0ce3d7", "size": 40708, "path": "media/images/Generated Images_500_b26a5c11bdd12773c45f.png", "format": "png", "width": 1000, "height": 1000}, "_wandb": {"runtime": 4768}}