{"episode_reward": 9.0, "loss": -8.059047104325145e-05, "_timestamp": 1725118159.5619597, "_runtime": 76.65008068084717, "_step": 227, "_wandb": {"runtime": 74}}