{"D Loss Real": 2.171872138977051, "D Loss Fake": 2.3773319721221924, "G Loss": [2.3773319721221924, 2.3773319721221924], "_timestamp": 1725704708.6918914, "_runtime": 5773.933161497116, "_step": 544, "Generated Images": {"_type": "image-file", "sha256": "6da6f4ce1f0e78904202dd48dcdeb7adcf0515ceab68003b4be2ca3d264508d0", "size": 41824, "path": "media/images/Generated Images_500_6da6f4ce1f0e78904202.png", "format": "png", "width": 1000, "height": 1000}, "_wandb": {"runtime": 5779}}