{"D Loss Real": 3.1080117225646973, "D Loss Fake": 3.3041727542877197, "G Loss": [3.3041727542877197, 3.3041727542877197], "_timestamp": 1725782333.9633715, "_runtime": 4532.36506652832, "_step": 500, "Generated Images": {"_type": "image-file", "sha256": "103f48e72e5513b185a4fb58180773f8b92de415a5ff243bf6c5c47c4611a0ad", "size": 40865, "path": "media/images/Generated Images_500_103f48e72e5513b185a4.png", "format": "png", "width": 1000, "height": 1000}, "_wandb": {"runtime": 4535}}