{"episode_reward": 21.0, "loss": 2.4854636192321777, "_timestamp": 1725118584.643924, "_runtime": 12.769421100616455, "_step": 30, "_wandb": {"runtime": 12}}