{"episode_reward": 30.0, "loss": 1.2935335636138916, "_timestamp": 1725118765.9731658, "_runtime": 15.324981689453125, "_step": 40, "_wandb": {"runtime": 15}}