{"episode_reward": 168.0, "loss": 0.30278217792510986, "_timestamp": 1725118936.2346063, "_runtime": 155.72329235076904, "_step": 99, "_wandb": {"runtime": 155}}