{"episode_reward": 8.0, "loss": null, "_timestamp": 1725121455.1878314, "_runtime": 0.9008142948150635, "_step": 2, "_wandb": {"runtime": 0}}