{"episode_reward": 14.0, "loss": null, "_timestamp": 1725121534.6631355, "_runtime": 0.83235764503479, "_step": 1, "_wandb": {"runtime": 0}}