{"D Loss Real": 3.1702475547790527, "D Loss Fake": 3.3816545009613037, "G Loss": [3.3816545009613037, 3.3816545009613037], "_timestamp": 1725727697.6583908, "_runtime": 4053.071444749832, "_step": 504, "Generated Images": {"_type": "image-file", "sha256": "4663993220fcac68937457dffb5591e813b0d3633e3d2ed410ee72d1fbe897c2", "size": 41339, "path": "media/images/Generated Images_500_4663993220fcac689374.png", "format": "png", "width": 1000, "height": 1000}, "_wandb": {"runtime": 4056}}