{"episode_reward": 29.0, "loss": 0.19105181097984314, "_timestamp": 1725123489.9770658, "_runtime": 1071.4942936897278, "_step": 1009, "evaluation_avg_reward": 103.3, "_wandb": {"runtime": 1070}}