{"D Loss Real": 0.7192609906196594, "D Loss Fake": 0.7502424716949463, "G Loss": [0.7502424716949463, 0.7502424716949463], "_timestamp": 1725203913.9598477, "_runtime": 9.450532674789429, "_step": 12, "_wandb": {"runtime": 9}}