{"episode_reward": 11.0, "loss": 0.401802122592926, "_timestamp": 1725118674.9109797, "_runtime": 20.236116647720337, "_step": 45, "_wandb": {"runtime": 19}}