{"D Loss Real": 1.074242115020752, "D Loss Fake": 0.9448106288909912, "G Loss": [0.9448106288909912, 0.9448106288909912], "_timestamp": 1725204018.4305215, "_runtime": 3.0651895999908447, "_step": 0, "_wandb": {"runtime": 2}}