{"episode_reward": 11.0, "loss": null, "_timestamp": 1725121100.9495683, "_runtime": 0.8756651878356934, "_step": 1, "_wandb": {"runtime": 0}}