{"D Loss Real": -52.3591194152832, "D Loss Fake": -51.51912307739258, "G Loss": [-51.51912307739258, -51.51912307739258], "_timestamp": 1725683187.3885183, "_runtime": 951.5652213096619, "_step": 234, "_wandb": {"runtime": 957}}