{"D Loss Real": 0.8069719076156616, "D Loss Fake": 0.8407027721405029, "G Loss": [0.8407027721405029, 0.8407027721405029], "_timestamp": 1725204247.774141, "_runtime": 10.770204067230225, "_step": 17, "_wandb": {"runtime": 10}}