{"D Loss Real": 3.870096206665039, "D Loss Fake": 4.099111080169678, "G Loss": [4.099111080169678, 4.099111080169678], "_timestamp": 1725801675.6874018, "_runtime": 4945.92861866951, "_step": 516, "Generated Images": {"_type": "image-file", "sha256": "e9132b97c3c741a7ae8838cc4534d271ab05d1e399d2bd0697852488a8958276", "size": 40768, "path": "media/images/Generated Images_500_e9132b97c3c741a7ae88.png", "format": "png", "width": 1000, "height": 1000}, "_wandb": {"runtime": 4948}}