{"D Loss Real": 1.984171748161316, "D Loss Fake": 2.22318959236145, "G Loss": [2.22318959236145, 2.22318959236145], "_timestamp": 1725709486.094185, "_runtime": 4441.870299100876, "_step": 506, "Generated Images": {"_type": "image-file", "sha256": "798577aadbb909eb4b95cbbd91ae13df6da29a1594766e9871b50c6aeeabba1c", "size": 40855, "path": "media/images/Generated Images_500_798577aadbb909eb4b95.png", "format": "png", "width": 1000, "height": 1000}, "_wandb": {"runtime": 4445}}