{"D Loss Real": 0.7566058039665222, "D Loss Fake": 0.7743781805038452, "G Loss": [0.7743781805038452, 0.7743781805038452], "_timestamp": 1725204426.6022058, "_runtime": 15.499370813369751, "_step": 27, "_wandb": {"runtime": 15}}