{"D Loss Real": -11.102563858032227, "D Loss Fake": -10.906078338623047, "G Loss": [-10.906078338623047, -10.906078338623047], "_timestamp": 1725204741.7397974, "_runtime": 11.04252028465271, "_step": 5, "_wandb": {"runtime": 11}}