{"D Loss Real": 3.7117903232574463, "D Loss Fake": 3.9326586723327637, "G Loss": [3.9326586723327637, 3.9326586723327637], "_timestamp": 1725806345.9293427, "_runtime": 4639.235955715179, "_step": 503, "Generated Images": {"_type": "image-file", "sha256": "4ade55d420a2e4291fe57e282424bd485360a182b358e1116b87f1b6626b8d16", "size": 40530, "path": "media/images/Generated Images_500_4ade55d420a2e4291fe5.png", "format": "png", "width": 1000, "height": 1000}, "_wandb": {"runtime": 4652}}