{"D Loss Real": -15.065906524658203, "D Loss Fake": -14.881836891174316, "G Loss": [-14.881836891174316, -14.881836891174316], "_timestamp": 1725204910.707572, "_runtime": 16.326551914215088, "_step": 9, "Generated Images": {"_type": "image-file", "sha256": "5255796590747516d776ac09562bd43eb866c862c692fef198e4695e447b4b0b", "size": 84462, "path": "media/images/Generated Images_1_5255796590747516d776.png", "format": "png", "width": 1000, "height": 1000}, "_wandb": {"runtime": 16}}