{"episode_reward": 60.0, "loss": 0.002795266453176737, "_timestamp": 1725118996.7787123, "_runtime": 87.17724323272705, "_step": 99, "_wandb": {"runtime": 86}}