{"D Loss Real": 0.5413984060287476, "D Loss Fake": 0.6024125814437866, "G Loss": [0.6024125814437866, 0.6024125814437866], "_timestamp": 1725204105.7623851, "_runtime": 6.075197219848633, "_step": 6, "_wandb": {"runtime": 5}}