{"episode_reward": 20.0, "loss": null, "_timestamp": 1725121674.5620043, "_runtime": 0.7598803043365479, "_step": 0, "_wandb": {"runtime": 0}}