{"episode_reward": 16.0, "loss": null, "_timestamp": 1725121021.9423084, "_runtime": 0.860708475112915, "_step": 0, "_wandb": {"runtime": 0}}