{"episode_reward": 20.0, "loss": null, "_timestamp": 1725122361.6882975, "_runtime": 0.7391865253448486, "_step": 0, "_wandb": {"runtime": 0}}