{"D Loss Real": 0.9521673917770386, "D Loss Fake": 0.9524455070495605, "G Loss": [0.9524455070495605, 0.9524455070495605], "_timestamp": 1725257583.701618, "_runtime": 4795.634785890579, "_step": 1008, "Generated Images": {"_type": "image-file", "sha256": "99b49f0ca0be73240bc50063edee356214b339f5b7cb13866a2b811ec1b99e0c", "size": 79898, "path": "media/images/Generated Images_1000_99b49f0ca0be73240bc5.png", "format": "png", "width": 1000, "height": 1000}, "_wandb": {"runtime": 4803}}