{"D Loss Real": 0.9770373702049255, "D Loss Fake": 1.0181593894958496, "G Loss": [1.0181593894958496, 1.0181593894958496], "_timestamp": 1725203971.5097044, "_runtime": 2.964750289916992, "_step": 0, "_wandb": {"runtime": 2}}