{"D Loss Real": 1.1930649280548096, "D Loss Fake": 1.1935030221939087, "G Loss": [1.1935030221939087, 1.1935030221939087], "_timestamp": 1725277040.5682056, "_runtime": 4947.615142583847, "_step": 1022, "Generated Images": {"_type": "image-file", "sha256": "dbed3840b72e0a916999c6241d1784183dac5335062dc313f60c1c0dffd92335", "size": 79802, "path": "media/images/Generated Images_1000_dbed3840b72e0a916999.png", "format": "png", "width": 1000, "height": 1000}, "_wandb": {"runtime": 4957}}