{"D Loss Real": 3.14589786529541, "D Loss Fake": 3.3681094646453857, "G Loss": [3.3681094646453857, 3.3681094646453857], "_timestamp": 1725718827.965895, "_runtime": 5017.200340986252, "_step": 526, "Generated Images": {"_type": "image-file", "sha256": "fad4c1ae5c4feddc625e037169320014167256c04d73219b26a0359387455711", "size": 40251, "path": "media/images/Generated Images_500_fad4c1ae5c4feddc625e.png", "format": "png", "width": 1000, "height": 1000}, "_wandb": {"runtime": 5023}}