{"episode_reward": 9.0, "loss": null, "_timestamp": 1725120850.1424828, "_runtime": 0.8879697322845459, "_step": 2, "_wandb": {"runtime": 0}}