{"D Loss Real": -14.894887924194336, "D Loss Fake": -14.239645004272461, "G Loss": [-14.239645004272461, -14.239645004272461], "_timestamp": 1725185002.8916905, "_runtime": 4719.262005567551, "_step": 441, "Generated Images": {"_type": "image-file", "sha256": "43a18fc0baeb6869833b751ae3a4b667d6753c09cace62b34d0fd55458de75f2", "size": 84343, "path": "media/images/Generated Images_1_43a18fc0baeb6869833b.png", "format": "png", "width": 1000, "height": 1000}, "_wandb": {"runtime": 4720}}