{"D Loss Real": 3.0446274280548096, "D Loss Fake": 3.2460100650787354, "G Loss": [3.2460100650787354, 3.2460100650787354], "_timestamp": 1725820205.5605485, "_runtime": 4937.482466459274, "_step": 500, "Generated Images": {"_type": "image-file", "sha256": "fb9b1839f197c22f43729722bed97b0a6b0dceee6438d552c4f56d598cc00b93", "size": 41024, "path": "media/images/Generated Images_500_fb9b1839f197c22f4372.png", "format": "png", "width": 1000, "height": 1000}, "_wandb": {"runtime": 4936}}