{"D Loss Real": 1.1275465488433838, "D Loss Fake": 1.1278492212295532, "G Loss": [1.1278492212295532, 1.1278492212295532], "_timestamp": 1725952456.2021358, "_runtime": 8804.929231882095, "_step": 1373, "Generated Images": {"_type": "image-file", "sha256": "84b396f5528c0ff0f3d77c358e2ed6c59b8828fe257ad4a70d8012befa1429c5", "size": 81104, "path": "media/images/Generated Images_1000_84b396f5528c0ff0f3d7.png", "format": "png", "width": 1000, "height": 1000}, "_wandb": {"runtime": 8813}}