{"D Loss Real": 3.0043094158172607, "D Loss Fake": 3.214494466781616, "G Loss": [3.214494466781616, 3.214494466781616], "_timestamp": 1725713781.6281857, "_runtime": 4106.842085838318, "_step": 502, "Generated Images": {"_type": "image-file", "sha256": "3bde745a42d076d2c7fbce500414168f832d4cada92374ce175270182d140b8c", "size": 40690, "path": "media/images/Generated Images_500_3bde745a42d076d2c7fb.png", "format": "png", "width": 1000, "height": 1000}, "_wandb": {"runtime": 4111}}