{"D Loss Real": 1.1230310201644897, "D Loss Fake": 1.1234385967254639, "G Loss": [1.1234385967254639, 1.1234385967254639], "_timestamp": 1725247783.4972923, "_runtime": 4763.64985537529, "_step": 1010, "Generated Images": {"_type": "image-file", "sha256": "1ed446b31a698bf50ee7d378cec5524aae79d5555f2db731a1384ac070a5c232", "size": 80102, "path": "media/images/Generated Images_1000_1ed446b31a698bf50ee7.png", "format": "png", "width": 1000, "height": 1000}, "_wandb": {"runtime": 4775}}