{"D Loss Real": 0.8929978013038635, "D Loss Fake": 0.8932240009307861, "G Loss": [0.8932240009307861, 0.8932240009307861], "_timestamp": 1725242917.3150368, "_runtime": 9928.164793729782, "_step": 1370, "Generated Images": {"_type": "image-file", "sha256": "a9fae9dd862eca0434d32bb0b372501f2579eb823802d03604a852b4ef12489c", "size": 83585, "path": "media/images/Generated Images_1000_a9fae9dd862eca0434d3.png", "format": "png", "width": 1000, "height": 1000}}