{"episode_reward": 11.0, "loss": null, "_timestamp": 1725121622.0221217, "_runtime": 0.8000235557556152, "_step": 2, "_wandb": {"runtime": 0}}