{"D Loss Real": 0.8009223341941833, "D Loss Fake": 0.8350239396095276, "G Loss": [0.8350239396095276, 0.8350239396095276], "_timestamp": 1725204222.1081822, "_runtime": 10.828359127044678, "_step": 16, "Generated Images": {"_type": "image-file", "sha256": "f5529635a586ee578aeaff9c2c9748292cd5423d16420b8111867d3d42164a0a", "size": 84325, "path": "media/images/Generated Images_1_f5529635a586ee578aea.png", "format": "png", "width": 1000, "height": 1000}, "_wandb": {"runtime": 10}}