{"D Loss Real": 1.859930157661438, "D Loss Fake": 2.059455633163452, "G Loss": [2.059455633163452, 2.059455633163452], "_timestamp": 1725698893.4828365, "_runtime": 5102.9017515182495, "_step": 503, "Generated Images": {"_type": "image-file", "sha256": "f60a206d370579b4d9bd9b941bc0ddbea8e3087056f9215d8ec46ff99f24cb5d", "size": 42202, "path": "media/images/Generated Images_500_f60a206d370579b4d9bd.png", "format": "png", "width": 1000, "height": 1000}, "_wandb": {"runtime": 5116}}