{"D Loss Real": 0.9108613133430481, "D Loss Fake": 0.9112682938575745, "G Loss": [0.9112682938575745, 0.9112682938575745], "_timestamp": 1725203131.165604, "_runtime": 6178.6431040763855, "_step": 999, "_wandb": {"runtime": 6178}}