{"D Loss Real": 1.2173796892166138, "D Loss Fake": 1.2178229093551636, "G Loss": [1.2178229093551636, 1.2178229093551636], "_timestamp": 1725262516.5745585, "_runtime": 4849.659875392914, "_step": 1002, "Generated Images": {"_type": "image-file", "sha256": "97be4205d0140837a1fb6d54e4f3beea614828e7b1734ed0edee8a02c077497d", "size": 80723, "path": "media/images/Generated Images_1000_97be4205d0140837a1fb.png", "format": "png", "width": 1000, "height": 1000}, "_wandb": {"runtime": 4851}}