{"episode_reward": 66.0, "loss": 7.980554073583335e-06, "_timestamp": 1725123384.4142349, "_runtime": 1415.595576763153, "_step": 705, "evaluation_avg_reward": 20.5, "_wandb": {"runtime": 2414}}