{"episode_reward": 8.0, "loss": null, "_timestamp": 1725121172.1804566, "_runtime": 0.8809406757354736, "_step": 2, "_wandb": {"runtime": 0}}