{"D Loss Real": 3.054872989654541, "D Loss Fake": 3.239868640899658, "G Loss": [3.239868640899658, 3.239868640899658], "_timestamp": 1725777675.0154548, "_runtime": 4394.694969654083, "_step": 500, "Generated Images": {"_type": "image-file", "sha256": "8af0b1a7c8dcc8b5865de2b03b8b92c95facc5276ab2bcb93858f87bece1861d", "size": 40472, "path": "media/images/Generated Images_500_8af0b1a7c8dcc8b5865d.png", "format": "png", "width": 1000, "height": 1000}, "_wandb": {"runtime": 4405}}