{"D Loss Real": 0.5457791686058044, "D Loss Fake": 0.5799705386161804, "G Loss": [0.5799705386161804, 0.5799705386161804], "_timestamp": 1725204584.3857746, "_runtime": 5.899902582168579, "_step": 6, "_wandb": {"runtime": 5}}