{"episode_reward": 10.0, "loss": -8.059047104325145e-05, "_timestamp": 1725118033.230553, "_runtime": 88.34542679786682, "_step": 276, "_wandb": {"runtime": 87}}