{"D Loss Real": 3.183525323867798, "D Loss Fake": 3.3847601413726807, "G Loss": [3.3847601413726807, 3.3847601413726807], "_timestamp": 1725737558.095611, "_runtime": 4423.5979080200195, "_step": 500, "Generated Images": {"_type": "image-file", "sha256": "0f069e26ee05f4a3f3d6729387cebcfbacccb29346c14ccb91eaf60585eee2f7", "size": 41426, "path": "media/images/Generated Images_500_0f069e26ee05f4a3f3d6.png", "format": "png", "width": 1000, "height": 1000}, "_wandb": {"runtime": 4438}}