{"episode_reward": 55.0, "loss": 0.0002429855812806636, "_timestamp": 1725121954.1141949, "_runtime": 138.94906187057495, "_step": 118, "evaluation_avg_reward": 48.2, "_wandb": {"runtime": 139}}