{"D Loss Real": 1.159247636795044, "D Loss Fake": 1.159489631652832, "G Loss": [1.159489631652832, 1.159489631652832], "_timestamp": 1725267327.5707426, "_runtime": 4788.904523611069, "_step": 1009, "Generated Images": {"_type": "image-file", "sha256": "a17854975a505cf3fe789aede0b653ff9c0fa66c586e98a252156416b14026f8", "size": 80328, "path": "media/images/Generated Images_1000_a17854975a505cf3fe78.png", "format": "png", "width": 1000, "height": 1000}, "_wandb": {"runtime": 4798}}