{"episode_reward": 17.0, "loss": 0.07443062961101532, "_timestamp": 1725124786.4536083, "_runtime": 1183.444952249527, "_step": 1009, "evaluation_avg_reward": 268.6, "_wandb": {"runtime": 1182}}