{"D Loss Real": -19.06904411315918, "D Loss Fake": -18.846174240112305, "G Loss": [-18.846174240112305, -18.846174240112305], "_timestamp": 1725204942.0884697, "_runtime": 16.272948741912842, "_step": 9, "_wandb": {"runtime": 16}}