{"D Loss Real": 3.4699344635009766, "D Loss Fake": 3.693229913711548, "G Loss": [3.693229913711548, 3.693229913711548], "_timestamp": 1725796672.6596062, "_runtime": 4660.089620113373, "_step": 510, "Generated Images": {"_type": "image-file", "sha256": "d1d739808e67ab4434e5d5f5a8b4730b8522126a55d9654f6085b932535734c5", "size": 40715, "path": "media/images/Generated Images_500_d1d739808e67ab4434e5.png", "format": "png", "width": 1000, "height": 1000}, "_wandb": {"runtime": 4669}}