{"episode_reward": 17.0, "loss": 0.24084369838237762, "_timestamp": 1725120095.6273575, "_runtime": 969.8587365150452, "_step": 1009, "evaluation_avg_reward": 26.1, "_wandb": {"runtime": 969}}