{"episode_reward": 10.0, "loss": null, "_timestamp": 1725118641.8714828, "_runtime": 0.8533227443695068, "_step": 2, "_wandb": {"runtime": 0}}