{"D Loss Real": 1.1250818967819214, "D Loss Fake": 1.1256566047668457, "G Loss": [1.1256566047668457, 1.1256566047668457], "_timestamp": 1725954856.482127, "_runtime": 2370.188122034073, "_step": 1000, "Generated Images": {"_type": "image-file", "sha256": "23658839c9f14e32808aa14cb3b3867896a33042efac0469457a13b8c1a96212", "size": 79923, "path": "media/images/Generated Images_1000_23658839c9f14e32808a.png", "format": "png", "width": 1000, "height": 1000}, "_wandb": {"runtime": 2369}}