{"D Loss Real": 0.9290017485618591, "D Loss Fake": 0.9680899381637573, "G Loss": [0.9680899381637573, 0.9680899381637573], "_timestamp": 1725204397.2133498, "_runtime": 10.80288577079773, "_step": 16, "Generated Images": {"_type": "image-file", "sha256": "7521b6ed4bff5beea06708309b49537f814ae121eae88e6af579827e3327a69c", "size": 84258, "path": "media/images/Generated Images_1_7521b6ed4bff5beea067.png", "format": "png", "width": 1000, "height": 1000}, "_wandb": {"runtime": 10}}