{"D Loss Real": 1.1403405666351318, "D Loss Fake": 1.1409419775009155, "G Loss": [1.1409419775009155, 1.1409419775009155], "_timestamp": 1725272071.7454658, "_runtime": 4715.855014801025, "_step": 1003, "Generated Images": {"_type": "image-file", "sha256": "e11d63676e9d3a7fd4a6e868fef169961f26c12adcaaf23294ee3c1823d78739", "size": 80445, "path": "media/images/Generated Images_1000_e11d63676e9d3a7fd4a6.png", "format": "png", "width": 1000, "height": 1000}, "_wandb": {"runtime": 4715}}