{"D Loss Real": 1.4827334880828857, "D Loss Fake": 1.1115443706512451, "G Loss": [1.1115443706512451, 1.1115443706512451], "_timestamp": 1725204038.089301, "_runtime": 4.743901014328003, "_step": 1, "Generated Images": {"_type": "image-file", "sha256": "b507a897f586473ced6ea1204233e17176c4d20c63ec8e9b07d4135a82707ce9", "size": 84327, "path": "media/images/Generated Images_1_b507a897f586473ced6e.png", "format": "png", "width": 1000, "height": 1000}, "_wandb": {"runtime": 4}}