{"D Loss Real": 3.0088248252868652, "D Loss Fake": 3.204397201538086, "G Loss": [3.204397201538086, 3.204397201538086], "_timestamp": 1725810963.6638105, "_runtime": 4341.821549415588, "_step": 501, "Generated Images": {"_type": "image-file", "sha256": "bf6b20ad206004bda161223bb01ab5296f8e2fabbaf5d4ba46d827b7e97d4f5c", "size": 41021, "path": "media/images/Generated Images_500_bf6b20ad206004bda161.png", "format": "png", "width": 1000, "height": 1000}, "_wandb": {"runtime": 4344}}