{"D Loss Real": 1.2539918422698975, "D Loss Fake": 1.2543083429336548, "G Loss": [1.2543083429336548, 1.2543083429336548], "_timestamp": 1725252766.2350435, "_runtime": 4947.588298559189, "_step": 1020, "Generated Images": {"_type": "image-file", "sha256": "a30499743bdceee3f19c623efa7f16d8e508770517dfff5d2e63fb154e3c4831", "size": 82896, "path": "media/images/Generated Images_1000_a30499743bdceee3f19c.png", "format": "png", "width": 1000, "height": 1000}, "_wandb": {"runtime": 4950}}