{"D Loss Real": -1.3728746175765991, "D Loss Fake": -1.279158592224121, "G Loss": [-1.279158592224121, -1.279158592224121], "_timestamp": 1725204798.638249, "_runtime": 4.868456840515137, "_step": 1, "Generated Images": {"_type": "image-file", "sha256": "8654e348e127683fa953d1c3fc9dbb89a8849a2aa6d53fc09715a73d1e342d2c", "size": 84153, "path": "media/images/Generated Images_1_8654e348e127683fa953.png", "format": "png", "width": 1000, "height": 1000}, "_wandb": {"runtime": 4}}