{"episode_reward": 21.0, "loss": 0.239348366856575, "_timestamp": 1725126011.4670155, "_runtime": 1016.0682854652405, "_step": 1009, "evaluation_avg_reward": 21.5, "_wandb": {"runtime": 1015}}