{"D Loss Real": 3.7705631256103516, "D Loss Fake": 3.989694595336914, "G Loss": [3.989694595336914, 3.989694595336914], "_timestamp": 1725791970.753538, "_runtime": 5285.568972826004, "_step": 529, "Generated Images": {"_type": "image-file", "sha256": "9507d8f730c3bf7c5f3bb0bd2e1d3fecda01e4b6716dd9c5bc31580c0ee709ee", "size": 40687, "path": "media/images/Generated Images_500_9507d8f730c3bf7c5f3b.png", "format": "png", "width": 1000, "height": 1000}, "_wandb": {"runtime": 5299}}