{"D Loss Real": 0.9350707530975342, "D Loss Fake": 0.9353875517845154, "G Loss": [0.9353875517845154, 0.9353875517845154], "_timestamp": 1725179547.9752796, "_runtime": 4462.49423456192, "_step": 1149, "Generated Images": {"_type": "image-file", "sha256": "085465508167d33642b86390fbaf1608f4923e73e6dfc4d17a0784f606291ba5", "size": 82682, "path": "media/images/Generated Images_1003_085465508167d33642b8.png", "format": "png", "width": 1000, "height": 1000}}