{"D Loss Real": 0.7023588418960571, "D Loss Fake": 0.7506317496299744, "G Loss": [0.7506317496299744, 0.7506317496299744], "_timestamp": 1725204564.0432198, "_runtime": 9.107199907302856, "_step": 12, "Generated Images": {"_type": "image-file", "sha256": "9d269beeea11e1975b783c240bb84ea0aed85d8d483743aa35e3a8b348755989", "size": 84359, "path": "media/images/Generated Images_1_9d269beeea11e1975b78.png", "format": "png", "width": 1000, "height": 1000}, "_wandb": {"runtime": 8}}