{"episode_reward": 41.0, "loss": 3.4133780002593994, "_timestamp": 1725120418.7361336, "_runtime": 8.977218627929688, "_step": 11, "_wandb": {"runtime": 9}}